snapshot_date,N,coverage,tail_mass,observed_support,observed_mass_top1m,total_supply_btc,cr_lower,cr_upper,cr_exact,nc_lower,nc_upper,nc_exact,hhi_lower,hhi_upper,hhi_upper_safe,hhi_tail_exact,hill2_lower,hill2_upper,positive_address_count,omitted_positive_count,gini_lower_count_aware,gini_upper_count_aware
2025-09-23,100,0.1486404935709599,0.8513595064290401,1000000,0.93136079343513,19925284.0,0.1486404935709599,1.0,0.5391232365565756,920,nan,7396,0.0005260699364981565,0.0008908962984455751,0.725339079123597,0.00036482636194741855,1122.4650969420209,1900.8879440186454,55000000,54999900,0.14863880436799207,0.9999660135526094
2025-09-23,112,0.15339000638591,0.8466099936140901,1000000,0.93136079343513,19925284.0,0.15339000638591,1.0,0.5391232365565756,1033,nan,7396,0.0005279519064609885,0.0008466132529575261,0.7172764331937107,0.00031866134649653755,1181.1768791790566,1894.1119214878563,55000000,54999888,0.1533881228155418,0.9999617717239417
2025-09-23,126,0.15843846126728983,0.8415615387327102,1000000,0.93136079343513,19925284.0,0.15843846126728983,1.0,0.5391232365565756,1113,nan,7396,0.0005297740282848044,0.0008211825743090213,0.7087555975024518,0.00029140854602421683,1217.7559915241059,1887.5972520540474,55000000,54999874,0.15843635193670388,0.9999587780089989
2025-09-23,141,0.16344989413855732,0.8365501058614426,1000000,0.93136079343513,19925284.0,0.16344989413855732,1.0,0.5391232365565756,1188,nan,7396,0.0005314495818367467,0.0008004060821887454,0.7003475291986275,0.0002689565003519988,1249.3658184923536,1881.6460378873437,55000000,54999859,0.16344754383102303,0.9999559313976336
2025-09-23,159,0.1691703311072846,0.8308296688927154,1000000,0.93136079343513,19925284.0,0.1691703311072846,1.0,0.5391232365565756,1223,nan,7396,0.0005332677734721774,0.0007917834943968892,0.6908112064858513,0.00025851572092471187,1262.9715156688278,1875.2305122225314,55000000,54999841,0.1691676923657036,0.9999546251526199
2025-09-23,179,0.1751825696618974,0.8248174303381026,1000000,0.93136079343513,19925284.0,0.1751825696618974,1.0,0.5391232365565756,1282,nan,7396,0.0005350754137762812,0.0007780367407092993,0.680858868803327,0.0002429613269330181,1285.2863466169313,1868.895438387881,55000000,54999821,0.17517961143488153,0.9999523656362613
2025-09-23,201,0.18131165021890328,0.8186883497810967,1000000,0.93136079343513,19925284.0,0.18131165021890328,1.0,0.5391232365565756,1420,nan,7396,0.0005367839538169254,0.0007509238527531434,0.6707873980211123,0.00021413989893621796,1331.6929490702132,1862.9468949085954,55000000,54999799,0.18130834214679925,0.9999471119265615
2025-09-23,226,0.1876230676823432,0.8123769323176568,1000000,0.93136079343513,19925284.0,0.1876230676823432,1.0,0.5391232365565756,1476,nan,7396,0.000538377559820034,0.0007414033783798004,0.6604946577216668,0.00020302581855976637,1348.7934222599774,1857.4325429430503,55000000,54999774,0.18761936442969357,0.9999449490636149
2025-09-23,254,0.19442105366038295,0.805578946339617,1000000,0.93136079343513,19925284.0,0.19442105366038295,1.0,0.5391232365565756,1548,nan,7396,0.0005400284720663132,0.0007303037733120762,0.649497467257714,0.00019027530124576296,1369.2932126925712,1851.7542161688175,55000000,54999746,0.19441690893373148,0.9999421834066322
2025-09-23,285,0.20152785702164797,0.798472142978352,1000000,0.93136079343513,19925284.0,0.20152785702164797,1.0,0.5391232365565756,1607,nan,7396,0.0005416579786866918,0.000721975248380625,0.6380994210911285,0.00018031726969393322,1385.0890348983273,1846.1834577321429,55000000,54999715,0.20152322544797283,0.9999399035678973
2025-09-23,300,0.20487462135634352,0.7951253786436565,1000000,0.93136079343513,19925284.0,0.20487462135634352,1.0,0.5391232365565756,1652,nan,7396,0.0005424048352861942,0.0007160207598296285,0.6327667725985043,0.0001736159245434343,1396.6075512083505,1843.6413817593652,55000000,54999700,0.20486975468175891,0.9999381546256458
2025-09-23,320,0.20916124855164323,0.7908387514483568,1000000,0.93136079343513,19925284.0,0.20916124855164323,1.0,0.5391232365565756,1694,nan,7396,0.0005433236519206236,0.0007107902190202776,0.6259692544443165,0.000167466567099654,1406.8848631293163,1840.5235930095203,55000000,54999680,0.2091560693650163,0.9999365231559142
2025-09-23,360,0.21711260510877836,0.7828873948912216,1000000,0.93136079343513,19925284.0,0.21711260510877836,1.0,0.5391232365565756,1915,nan,7396,0.0005449070551878914,0.0006873319387055164,0.6134575801347514,0.00014242488351762496,1454.9011091836437,1835.175357851049,55000000,54999640,0.21710680463978801,0.9999278216126558
2025-09-23,405,0.2249351105679678,0.7750648894320322,1000000,0.93136079343513,19925284.0,0.2249351105679678,1.0,0.5391232365565756,2082,nan,7396,0.0005462680210300031,0.0006734326269799388,0.6012718508513183,0.00012716460594993574,1484.929538511637,1830.6032231476283,55000000,54999595,0.22492861845704873,0.999921229721571
2025-09-23,455,0.23290151094871672,0.7670984890512833,1000000,0.93136079343513,19925284.0,0.23290151094871672,1.0,0.5391232365565756,2167,nan,7396,0.0005475376540904467,0.0006672819028741729,0.5889876295588522,0.00011974424878372622,1498.6169948453803,1826.3584112058381,55000000,54999545,0.23289425564013438,0.9999178609127516
2025-09-23,511,0.2414333523586901,0.7585666476413099,1000000,0.93136079343513,19925284.0,0.2414333523586901,1.0,0.5391232365565756,2229,nan,7396,0.0005488377896223946,0.0006630455913675363,0.5759721967033976,0.00011420780174514171,1508.1919147331826,1822.0319717561888,55000000,54999489,0.2414252454880395,0.999915357636865
2025-09-23,574,0.2505330024570721,0.7494669975429279,1000000,0.93136079343513,19925284.0,0.2505330024570721,1.0,0.5391232365565756,2443,nan,7396,0.0005501540200411524,0.0006501903744079177,0.5622509344260522,0.0001000363543667653,1538.0110800788602,1817.6728035636245,55000000,54999426,0.2505239423612483,0.9999066069201294
2025-09-23,645,0.25942571226984923,0.7405742877301508,1000000,0.93136079343513,19925284.0,0.25942571226984923,1.0,0.5391232365565756,2665,nan,7396,0.0005512691809913626,0.0006394929131360691,0.5490015448280114,8.822373214470651e-05,1563.738986716845,1813.995838116095,55000000,54999355,0.2594155921008315,0.9998974917700745
2025-09-23,725,0.26866810083195203,0.731331899168048,1000000,0.93136079343513,19925284.0,0.26866810083195203,1.0,0.5391232365565756,2796,nan,7396,0.0005523372731074583,0.000634046597834633,0.5353986840138514,8.17093247271748e-05,1577.1711470657744,1810.4879911036678,55000000,54999275,0.2686567952040765,0.999892019332949
2025-09-23,815,0.278198504166839,0.721801495833161,1000000,0.93136079343513,19925284.0,0.278198504166839,1.0,0.5391232365565756,3025,nan,7396,0.0005533479504323058,0.0006257984385087936,0.521550747337421,7.245048807648783e-05,1597.9586053025093,1807.1811763624407,55000000,54999185,0.27818587652444204,0.9998823037576116
2025-09-23,916,0.28797473864871986,0.7120252613512801,1000000,0.93136079343513,19925284.0,0.28797473864871986,1.0,0.5391232365565756,3264,nan,7396,0.0005542952676937833,0.0006186167783821891,0.5075342680700525,6.432151068840588e-05,1616.5096630828652,1804.0926168477472,55000000,54999084,0.28796064098360613,0.9998720065650352
2025-09-23,1000,0.2953183716479168,0.7046816283520831,1000000,0.93136079343513,19925284.0,0.2953183716479168,1.0,0.5391232365565756,3428,nan,7396,0.0005549374842088853,0.0006143512571596821,0.4971311348211523,5.9413772950796855e-05,1627.7333013417765,1802.0047815396586,55000000,54999000,0.29530306433524633,0.9998647976838654
2025-09-23,1029,0.29773783225214706,0.7022621677478529,1000000,0.93136079343513,19925284.0,0.29773783225214706,1.0,0.5391232365565756,3487,nan,7396,0.000555139347212241,0.000612926538390354,0.4937272915971257,5.7787191178112994e-05,1631.5168904680888,1801.349526063552,55000000,54998971,0.2977221093944962,0.9998621709590265
2025-09-23,1156,0.30774739150047,0.69225260849953,1000000,0.93136079343513,19925284.0,0.30774739150047,0.9735343620635675,0.5391232365565756,3710,nan,7396,0.0005559289862146641,0.0006080411978704618,0.47976960296061816,5.211221165579771e-05,1644.6254028547614,1798.7908973932583,55000000,54998844,0.30772986018232623,0.9998521797293648
2025-09-23,1299,0.3178291959790947,0.6821708040209054,1000000,0.93136079343513,19925284.0,0.3178291959790947,0.8855150332378188,0.5391232365565756,4092,nan,7396,0.0005566413241004345,0.0006011478582865116,0.4659136471826289,4.4506534186077165e-05,1663.4842596800743,1796.4889718097368,55000000,54998701,0.31780965360592234,0.9998346625065148
2025-09-23,1460,0.3276290157035448,0.6723709842964551,1000000,0.93136079343513,19925284.0,0.3276290157035448,0.824805785577781,0.5391232365565756,4421,nan,7396,0.0005572382528269282,0.0005963812332204637,0.4526399787766109,3.914298039353548e-05,1676.7797916778695,1794.5645241095617,55000000,54998540,0.32760724537269403,0.9998191918146953
2025-09-23,1641,0.3374402491892688,0.6625597508107313,1000000,0.93136079343513,19925284.0,0.3374402491892688,0.7642180220574759,0.5391232365565756,4825,nan,7396,0.0005577708559687466,0.0005915983293249967,0.43954319425034705,3.382747335625011e-05,1690.3360784351478,1792.8509338537988,55000000,54998359,0.3374160064106656,0.999799659706255
2025-09-23,1844,0.34764759606915663,0.6523524039308434,1000000,0.93136079343513,19925284.0,0.34764759606915663,0.7569768140514288,0.5391232365565756,4880,nan,7396,0.0005582841157345112,0.0005910235150813048,0.4261219430300847,3.27393993467937e-05,1691.9800557553683,1791.2026722887174,55000000,54998156,0.34762060335287315,0.999796963399112
2025-09-23,2072,0.3590903444473911,0.6409096555526089,1000000,0.93136079343513,19925284.0,0.3590903444473911,0.7569767685465768,0.5391232365565756,4880,nan,7396,0.0005588583985873473,0.0005910235100076594,0.41132404497915115,3.2165111420312004e-05,1691.980070280183,1789.3620325430325,55000000,54997928,0.35906026378972505,0.999796963382025
2025-09-23,2328,0.37188827420512904,0.628111725794871,1000000,0.93136079343513,19925284.0,0.37188827420512904,0.7467192195166719,0.5391232365565756,4951,nan,7396,0.0005594982223712856,0.0005901856208229674,0.39508383830338245,3.068739845168178e-05,1694.3821820083972,1787.3157769148288,55000000,54997672,0.37185472844431017,0.9997930483043332
2025-09-23,2616,0.3850840794132776,0.6149159205867224,1000000,0.93136079343513,19925284.0,0.3850840794132776,0.7033953762406775,0.5391232365565756,5282,nan,7396,0.0005601035725989106,0.0005866110582801412,0.3786816929636152,2.650748568123069e-05,1704.70703864986,1785.3840770198026,55000000,54997384,0.38504668745748605,0.9997738796009822
2025-09-23,2940,0.3981482378703566,0.6018517621296434,1000000,0.93136079343513,19925284.0,0.3981482378703566,0.6663714059496975,0.5391232365565756,5621,nan,7396,0.0005606308568152202,0.000583496023330068,0.36278617443537214,2.2865166514847757e-05,1713.8077382137135,1783.7048885976544,55000000,54997060,0.3981066034663232,0.9997528435039943
2025-09-23,3000,0.4004070976665547,0.5995929023334453,1000000,0.93136079343513,19925284.0,0.4004070976665547,0.6619358369954396,0.5391232365565756,5666,nan,7396,0.0005607158993544689,0.0005831170906181564,0.36007236442799895,2.2401191263687523e-05,1714.9214387455363,1783.4343580256284,55000000,54997000,0.4003646859569156,0.9997499272003216
2025-09-23,3303,0.4111848083163849,0.5888151916836151,1000000,0.93136079343513,19925284.0,0.4111848083163849,0.6394571105733409,0.5391232365565756,5909,nan,7396,0.0005610994820047124,0.0005811694026619793,0.3472644294394171,2.0069920657266874e-05,1720.668699039584,1782.2151544805765,55000000,54996697,0.41113850631055787,0.9997334005635907
2025-09-23,3712,0.42421793426325266,0.5757820657367474,1000000,0.93136079343513,19925284.0,0.42421793426325266,0.6135652785635698,0.5391232365565756,6229,nan,7396,0.000561515451046388,0.00057885365085616,0.33208650267512246,1.7338199809771978e-05,1727.5523761851355,1780.8948945865923,55000000,54996288,0.42416647313307887,0.9997095051721253
2025-09-23,4171,0.4368823227436613,0.5631176772563387,1000000,0.93136079343513,19925284.0,0.4368823227436613,0.5854095907675559,0.5391232365565756,6649,nan,7396,0.000561865687294892,0.0005762142186360037,0.31766338412586886,1.4348531341111689e-05,1735.4656786623016,1779.7847823997047,55000000,54995829,0.4368252046451727,0.9996739089187135
2025-09-23,4686,0.44981445519764135,0.5501855448023587,1000000,0.93136079343513,19925284.0,0.44981445519764135,0.5829848583154649,0.5391232365565756,6689,nan,7396,0.0005621904272130786,0.0005759780822654782,0.3032663241366813,1.3787655052399585e-05,1736.17717546947,1778.7567194220208,55000000,54995314,0.44975108362488625,0.9996701338269773
2025-09-23,5266,0.46340072984701847,0.5365992701529816,1000000,0.93136079343513,19925284.0,0.46340072984701847,0.5654670675955203,0.5391232365565756,6964,nan,7396,0.0005625093136545385,0.0005740784378586086,0.2885012860423671,1.156912420407013e-05,1741.9222427690147,1777.748342517478,55000000,54994734,0.4633304024508189,0.9996354763713552
2025-09-23,5917,0.47640577563035236,0.5235942243696476,1000000,0.93136079343513,19925284.0,0.47640577563035236,0.5514421532835372,0.5391232365565756,7201,nan,7396,0.000562769584796795,0.0005723919949078688,0.2747136813780497,9.622410111073723e-06,1747.0544817122368,1776.9261648372135,55000000,54994083,0.4763278553883486,0.999594522537394
2025-09-23,6649,0.48875157573084027,0.5112484242691597,1000000,0.93136079343513,19925284.0,0.48875157573084027,0.5399522357032728,0.5391232365565756,7386,nan,7396,0.0005629783686513128,0.0005707897899214819,0.2619379296863501,7.81142127016905e-06,1751.958457661901,1776.2671812695553,55000000,54993351,0.48866536364618046,0.9995409541583218
2025-09-23,7471,0.5011373405155134,0.4988626594844866,1000000,0.93136079343513,19925284.0,0.5011373405155134,0.5392145901965534,0.5391232365565756,7396,7396,7396,0.0005631649966138067,0.0005706759519092366,0.24942711802454862,7.510955295429953e-06,1752.3079370252583,1775.6785418355025,55000000,54992529,0.5010419903963058,0.9995363598365126
2025-09-23,8395,0.5150493131154663,0.4849506868845337,1000000,0.93136079343513,19925284.0,0.5150493131154663,0.5392145901965534,0.5391232365565756,7396,7396,7396,0.0005633744587151774,0.0005706759519092851,0.2357405431684962,7.301493194107615e-06,1752.3079370251096,1775.0183462001164,55000000,54991605,0.5149436923518103,0.9995363598365126
2025-09-23,9433,0.5306776975696076,0.4693223024303924,1000000,0.93136079343513,19925284.0,0.5306776975696076,0.5392145806361139,0.5391232365565756,7396,7396,7396,0.000563609763532755,0.0005706759409758531,0.22082703332209747,7.066177443098141e-06,1752.3079705971218,1774.2772831540622,55000000,54990567,0.5305605390041289,0.9995363595491255
2025-09-23,10000,0.5391232365565756,0.46087676344342443,1000000,0.93136079343513,19925284.0,0.5391232365565756,0.5391232365565756,0.5391232365565756,7396,7396,7396,0.0005637355909655504,0.0005703241950839019,0.21297112667305176,6.588604118351613e-06,1753.3887017591587,1773.8812592748106,55000000,54990000,0.5389997918833793,0.9995226156332327
2025-09-23,10600,0.5470741223390688,0.4529258776609312,1000000,0.93136079343513,19925284.0,0.5391232365565756,0.5391232365565756,0.5391232365565756,7396,7396,7396,0.0005638411377830542,0.0005695239071587379,0.20570569179270784,5.682769375683735e-06,1755.8525417990568,1773.54920205337,55000000,54989400,0.5469442063906286,0.9994855193354856
2025-09-23,11911,0.5616663745949799,0.4383336254050201,1000000,0.93136079343513,19925284.0,0.5391232365565756,0.5391232365565756,0.5391232365565756,7396,7396,7396,0.0005640044170104631,0.0005684041669007722,0.1927003715777189,4.399749890309089e-06,1759.3115220328295,1773.035759720741,55000000,54988089,0.5615228647330527,0.9994135293183778
2025-09-23,13383,0.5754351962949431,0.4245648037050569,1000000,0.93136079343513,19925284.0,0.5391232365565756,0.5391232365565756,0.5391232365565756,7396,7396,7396,0.0005641337703402625,0.0005676282446940639,0.18081940631545376,3.494474353801365e-06,1761.7164215268617,1772.6292106158453,55000000,54986617,0.5752769869505936,0.9993402965471969
2025-09-23,15038,0.587564995176821,0.41243500482317896,1000000,0.93136079343513,19925284.0,0.5391232365565756,0.5391232365565756,0.5391232365565756,7396,7396,7396,0.0005642230565788294,0.0005668821312479873,0.1706668562600745,2.659074669157948e-06,1764.035140424177,1772.348698515632,55000000,54984962,0.5873910725485595,0.9992336079117138
2025-09-23,16898,0.5983029653180452,0.40169703468195483,1000000,0.93136079343513,19925284.0,0.5391232365565756,0.5391232365565756,0.5391232365565756,7396,7396,7396,0.000564285291808927,0.0005663702704971726,0.16192479296408457,2.084978688245562e-06,1765.6293984537315,1772.1532255329641,55000000,54983102,0.5981121720625142,0.9991205539972743
2025-09-23,18988,0.6088273649710915,0.39117263502890853,1000000,0.93136079343513,19925284.0,0.5391232365565756,0.5391232365565756,0.5391232365565756,7396,7396,7396,0.0005643382914186945,0.0005663014838788062,0.15358036868687838,1.963192460111761e-06,1765.843863149773,1771.986794456375,55000000,54981012,0.608618074884851,0.9991013196480011
2025-09-23,21336,0.6203657138351413,0.3796342861648587,1000000,0.93136079343513,19925284.0,0.5391232365565756,0.5391232365565756,0.5391232365565756,7396,7396,7396,0.0005643950264831025,0.0005661667033571759,0.14468658625838493,1.7716768740734186e-06,1766.2642364348526,1771.8086678248558,55000000,54978664,0.6201357472555092,0.9990612653052662
2025-09-23,23974,0.631441234800037,0.368558765199963,1000000,0.93136079343513,19925284.0,0.5391232365565756,0.5391232365565756,0.5391232365565756,7396,7396,7396,0.0005644417066372965,0.0005658290914592113,0.13640000511235875,1.387384821914787e-06,1767.3181091150852,1771.6621366581405,55000000,54976026,0.6311887821086536,0.9989308117445899
2025-09-23,26938,0.6415239987791858,0.35847600122081424,1000000,0.93136079343513,19925284.0,0.5391232365565756,0.5391232365565756,0.5391232365565756,7396,7396,7396,0.0005644761445945756,0.0005655590675043914,0.12906951959585977,1.0829229098157861e-06,1768.1619082028692,1771.5540498495843,55000000,54973062,0.6412473090806221,0.9987743073847658
2025-09-23,30000,0.6500248958894412,0.34997510411055877,1000000,0.93136079343513,19925284.0,0.5391232365565756,0.5391232365565756,0.5391232365565756,7396,7396,7396,0.0005644998236729739,0.0005653837470584135,0.12304707332086942,8.839233854396705e-07,1768.7101994049422,1771.4797384583776,55000000,54970000,0.6497241009730965,0.9986265836187533
2025-09-23,30270,0.6507045257059212,0.3492954742940788,1000000,0.93136079343513,19925284.0,0.5391232365565756,0.5391232365565756,0.5391232365565756,7396,7396,7396,0.0005645015344052063,0.0005653791947594195,0.12257182989673068,8.776603542132081e-07,1768.7244406393847,1771.4743699566056,55000000,54969730,0.6504016420255258,0.9986220219664804
2025-09-23,34013,0.6600976414338431,0.3399023585661569,1000000,0.93136079343513,19925284.0,0.5391232365565756,0.5391232365565756,0.5391232365565756,7396,7396,7396,0.0005645251065735103,0.0005653780490392216,0.11609813846540981,8.529424657113192e-07,1768.7280249018434,1771.400400718553,55000000,54965987,0.6597658170116729,0.9986208687617762
2025-09-23,38218,0.670649566135636,0.329350433864364,1000000,0.93136079343513,19925284.0,0.5391232365565756,0.5391232365565756,0.5391232365565756,7396,7396,7396,0.0005645515853166146,0.0005653780490306091,0.10903625987196143,8.264637139945281e-07,1768.728024928787,1771.3173180430892,55000000,54961782,0.6702852291310676,0.9986208686712778
2025-09-23,42944,0.682508874603831,0.31749112539616897,1000000,0.93136079343513,19925284.0,0.5391232365565756,0.5391232365565756,0.5391232365565756,7396,7396,7396,0.000564581344774216,0.0005653780490248013,0.10136519605010011,7.967042505853456e-07,1768.7280249469559,1771.2239507309864,55000000,54957056,0.6821079967047179,0.9986208685880699
2025-09-23,48255,0.6958361670633322,0.3041638329366678,1000000,0.93136079343513,19925284.0,0.5391232365565756,0.5391232365565756,0.5391232365565756,7396,7396,7396,0.0005646147879530864,0.0005653780490245527,0.09308025205467825,7.632610714663329e-07,1768.7280249477335,1771.1190378582319,55000000,54951745,0.6953942251166851,0.9986208685880698
2025-09-23,54222,0.7108096083721838,0.28919039162781623,1000000,0.93136079343513,19925284.0,0.5391232365565756,0.5391232365565756,0.5391232365565756,7396,7396,7396,0.0005646523619341927,0.0005653780490216511,0.08419573497178391,7.256870874583386e-07,1768.7280249568112,1771.0011812835467,55000000,54945778,0.7103215302618969,0.9986208685158816
2025-09-23,60927,0.7276349680124173,0.27236503198758266,1000000,0.93136079343513,19925284.0,0.5391232365565756,0.5391232365565756,0.5391232365565756,7396,7396,7396,0.0005646945830718824,0.0005653780490161423,0.07474740523266882,6.834659442599631e-07,1768.7280249740445,1770.8687669006838,55000000,54939073,0.7270950476071302,0.9986208684562484
2025-09-23,68460,0.7464367522933616,0.2535632477066384,1000000,0.93136079343513,19925284.0,0.5391232365565756,0.5391232365565756,0.5391232365565756,7396,7396,7396,0.000564741519555991,0.0005653396268361327,0.06485906210709405,5.981072801416792e-07,1768.8482330460383,1770.7215874374108,55000000,54931540,0.745838712052236,0.9985907594593019
2025-09-23,76926,0.7632202377354265,0.23677976226457353,1000000,0.93136079343513,19925284.0,0.5391232365565756,0.5391232365565756,0.5391232365565756,7396,7396,7396,0.0005647751127031088,0.0005651696513323227,0.056629430930771066,3.9453862921390233e-07,1769.3802164405229,1770.6162639033998,55000000,54923074,0.7625624221340481,0.9983992517388109
2025-09-23,86438,0.7769906124798743,0.22300938752012567,1000000,0.93136079343513,19925284.0,0.5391232365565756,0.5391232365565756,0.5391232365565756,7396,7396,7396,0.0005647951742813884,0.0005650751888328115,0.05029798209638297,2.800145514232241e-07,1769.6760002249355,1770.5533714453923,55000000,54913562,0.7762726958500938,0.9982114470895166
2025-09-23,97127,0.7892643956399783,0.2107356043600217,1000000,0.93136079343513,19925284.0,0.5391232365565756,0.5391232365565756,0.5391232365565756,7396,7396,7396,0.0005648093421354517,0.0005650221128135675,0.04497430428711905,2.127706781157954e-07,1769.842236829333,1770.508958331255,55000000,54902873,0.7884839477911639,0.9980476823693266
2025-09-23,100000,0.7921502467857392,0.2078497532142608,1000000,0.93136079343513,19925284.0,0.5391232365565756,0.5391232365565756,0.5391232365565756,7396,7396,7396,0.0005648122409021152,0.0005650208698544084,0.043766332152131236,2.086289522931635e-07,1769.8461302105084,1770.4998716083155,55000000,54900000,0.7913536947105106,0.9980429915066847
2025-09-23,109137,0.8006203895683479,0.1993796104316521,1000000,0.93136079343513,19925284.0,0.5391232365565756,0.5391232365565756,0.5391232365565756,7396,7396,7396,0.0005648201177593784,0.0005649876667640036,0.04031704917363673,1.6754900462520577e-07,1769.9501401996124,1770.4751806061104,55000000,54890863,0.7997739533625857,0.9978978558551974
2025-09-23,122633,0.8107061826047323,0.18929381739526774,1000000,0.93136079343513,19925284.0,0.5391232365565756,0.5391232365565756,0.5391232365565756,7396,7396,7396,0.0005648276842536685,0.0005649534664196998,0.03639697698832664,1.257821660313079e-07,1770.057286907781,1770.451463124269,55000000,54877367,0.8097908972318713,0.9976821940560487
2025-09-23,137797,0.8197193146569037,0.18028068534309627,1000000,0.93136079343513,19925284.0,0.5391232365565756,0.5391232365565756,0.5391232365565756,7396,7396,7396,0.0005648330626455198,0.0005649293991013494,0.03306595857042201,9.63364558296237e-08,1770.1326955027137,1770.4346047242352,55000000,54862203,0.8187318326218754,0.9974549980565764
2025-09-23,154836,0.828347044909124,0.17165295509087597,1000000,0.93136079343513,19925284.0,0.5391232365565756,0.5391232365565756,0.5391232365565756,7396,7396,7396,0.0005648374325346177,0.0005649235592884035,0.0300295744239649,8.612675378577263e-08,1770.1509939851564,1770.420907680746,55000000,54845164,0.8272821150277364,0.9973841235147941
2025-09-23,173982,0.8370674417641013,0.1629325582358987,1000000,0.93136079343513,19925284.0,0.5391232365565756,0.5391232365565756,0.5391232365565756,7396,7396,7396,0.0005648414179876758,0.0005649081051906019,0.027111859951282194,6.668720292614897e-08,1770.1994197137542,1770.4084158039184,55000000,54826018,0.8359183103295478,0.9971561791530361
2025-09-23,195496,0.8451305417605084,0.1548694582394916,1000000,0.93136079343513,19925284.0,0.5391232365565756,0.5391232365565756,0.5391232365565756,7396,7396,7396,0.0005648444491837806,0.0005648975450357682,0.024549393544577414,5.3095851987611144e-08,1770.2325116967572,1770.3989150376426,55000000,54804504,0.8438922707942371,0.9969392887112558
2025-09-23,219670,0.8526104644058369,0.14738953559416312,1000000,0.93136079343513,19925284.0,0.5391232365565756,0.5391232365565756,0.5391232365565756,7396,7396,7396,0.0005648467697890402,0.0005648884778384208,0.022288521972452117,4.170804938067464e-08,1770.2609262390326,1770.3916415658737,55000000,54780330,0.8512776332029491,0.9966827142425803
2025-09-23,246834,0.8596716556527421,0.14032834434725794,1000000,0.93136079343513,19925284.0,0.5391232365565756,0.5391232365565756,0.5391232365565756,7396,7396,7396,0.0005648486081494678,0.0005648838217712926,0.020256892835392067,3.521362182480929e-08,1770.2755176530354,1770.3858796362374,55000000,54753166,0.8582379013768715,0.9965096689731777
2025-09-23,277356,0.8669486488578737,0.1330513511421263,1000000,0.93136079343513,19925284.0,0.5391232365565756,0.5391232365565756,0.5391232365565756,7396,7396,7396,0.0005648503470113124,0.000564879256679847,0.0182675123877567,2.8909668534624613e-08,1770.2898241964717,1770.380429597174,55000000,54722644,0.8654044697418668,0.9963035339214581
2025-09-23,300000,0.8716027758702968,0.12839722412970322,1000000,0.93136079343513,19925284.0,0.5391232365565756,0.5391232365565756,0.5391232365565756,7396,7396,7396,0.0005648513042250907,0.0005648770734450105,0.017050698468438336,2.576921991982517e-08,1770.2966663194693,1770.377429457974,55000000,54700000,0.8699803749758541,0.9961837589886742
2025-09-23,311652,0.8738748042234283,0.12612519577657166,1000000,0.93136079343513,19925284.0,0.5391232365565756,0.5391232365565756,0.5391232365565756,7396,7396,7396,0.0005648517474128256,0.0005648754987499427,0.016472416757091355,2.375133711699317e-08,1770.3016013492859,1770.3760404040024,55000000,54688348,0.8722128142504806,0.996087463460083
2025-09-23,350190,0.8804371877712474,0.11956281222875265,1000000,0.93136079343513,19925284.0,0.5391232365565756,0.5391232365565756,0.5391232365565756,7396,7396,7396,0.0005648528684066477,0.0005648714031009865,0.014860118936454612,1.853469433880035e-08,1770.3144370741354,1770.3725269570236,55000000,54649810,0.878649786855586,0.9957746906846113
2025-09-23,393492,0.8868480326237418,0.11315196737625821,1000000,0.93136079343513,19925284.0,0.5391232365565756,0.5391232365565756,0.5391232365565756,7396,7396,7396,0.0005648538183606705,0.0005648694220548573,0.013368221539478472,1.5603694186782733e-08,1770.3206457206406,1770.3695495981935,55000000,54606508,0.8849257601169008,0.9955801010338509
2025-09-23,442149,0.8929526396291616,0.1070473603708384,1000000,0.93136079343513,19925284.0,0.5391232365565756,0.5391232365565756,0.5391232365565756,7396,7396,7396,0.0005648545862494814,0.0005648668474757489,0.012023991948613625,1.2261226267523603e-08,1770.3287145789388,1770.3671428779483,55000000,54557851,0.890886748187835,0.9952545532075509
2025-09-23,496823,0.898711330284671,0.10128866971532902,1000000,0.93136079343513,19925284.0,0.5391232365565756,0.5391232365565756,0.5391232365565756,7396,7396,7396,0.0005648551938510087,0.0005648653606974285,0.010824249806552019,1.0166846419855906e-08,1770.333374249253,1770.365238535399,55000000,54503177,0.8964928658661279,0.9950082043738739
2025-09-23,558258,0.9047275625644764,0.0952724374355236,1000000,0.93136079343513,19925284.0,0.5391232365565756,0.5391232365565756,0.5391232365565756,7396,7396,7396,0.0005648557835670013,0.000564864443628427,0.009641693118472761,8.66006142570538e-09,1770.3362484217705,1770.3633902535466,55000000,54441742,0.9023417215626955,0.9948315384605522
2025-09-23,627289,0.9104043397542629,0.08959566024573706,1000000,0.93136079343513,19925284.0,0.5391232365565756,0.5391232365565756,0.5391232365565756,7396,7396,7396,0.0005648562519807293,0.0005648629968526498,0.008592238586850277,6.744871920469898e-09,1770.3407827595054,1770.3619221587655,55000000,54372711,0.9078415402833575,0.9944765771232923
2025-09-23,704857,0.9157754349543966,0.08422456504560338,1000000,0.93136079343513,19925284.0,0.5391232365565756,0.5391232365565756,0.5391232365565756,7396,7396,7396,0.0005648566250222891,0.0005648619325431102,0.007658633982143365,5.307520821060323e-09,1770.3441184252226,1770.3607529796436,55000000,54295143,0.9130252578741628,0.9941236998597719
2025-09-23,792016,0.9208261929077749,0.0791738070922251,1000000,0.93136079343513,19925284.0,0.5391232365565756,0.5391232365565756,0.5391232365565756,7396,7396,7396,0.0005648569183669004,0.0005648611671367142,0.006833348647843775,4.24876981384112e-09,1770.3465173026639,1770.35983358613,55000000,54207984,0.917878034463569,0.9937878910607741
2025-09-23,889953,0.9258378602515633,0.07416213974843666,1000000,0.93136079343513,19925284.0,0.5391232365565756,0.5391232365565756,0.5391232365565756,7396,7396,7396,0.0005648571749271694,0.0005648608969383156,0.006064880146993818,3.722011146245748e-09,1770.347364139109,1770.359029481986,55000000,54110047,0.922676645991599,0.9936462341312993
2025-09-23,1000000,0.93136079343513,0.06863920656486999,1000000,0.93136079343513,19925284.0,0.5391232365565756,0.5391232365565756,0.5391232365565756,7396,7396,7396,0.0005648574521099628,0.0005648608962500228,0.005276198129964854,3.4441400599906147e-09,1770.347366296308,1770.3581607441135,55000000,54000000,0.9279618252315496,0.9936458902271862
