budget,observed_count,total_supply_btc,coverage,omitted_mass,largest_share,omitted_share_cap,cr_capping_lower,cr_capping_upper,cr_merge_lower,cr_merge_upper,cr_shift_lower,cr_shift_upper,nc_capping_lower,nc_capping_upper,nc_merge_lower,nc_merge_upper,nc_shift_lower,nc_shift_upper,hhi_capping_lower,hhi_capping_upper,hhi_merge_lower,hhi_merge_upper,hhi_shift_lower,hhi_shift_upper
0.0,1000000,19925284.0,0.93136079343513,0.06863920656487005,0.012476488638054544,5.017745292865086e-08,0.5391232365565756,0.5391232365565756,0.5391232365565756,0.5391232365565756,0.5391232365565756,0.5391232365565756,7396.0,7396.0,7396.0,7396.0,7396.0,7396.0,0.0005648574521067787,0.0005648608962468386,0.0005648574521067787,0.0005648608962468385,0.0005648574521067787,0.0005648608962468385
0.004830917874396135,1000000,19925284.0,0.93136079343513,0.06863920656487005,0.012476488638054544,5.017745292865086e-08,0.5391232365565756,0.5391232365565756,0.5391232365565756,0.5439541544309717,0.5342923186821794,0.5439541544309717,7396.0,7396.0,7075.0,7396.0,7075.0,7717.0,0.0005648574521067787,0.0005648608962468386,0.0005648574521067787,0.0007087442052952947,0.0004676494356733829,0.0007087442052952947
0.00966183574879227,1000000,19925284.0,0.93136079343513,0.06863920656487005,0.012476488638054544,5.017745292865086e-08,0.5391232365565756,0.5391232365565756,0.5391232365565756,0.5487850723053679,0.5294614008077833,0.5487850723053679,7396.0,7396.0,6754.0,7396.0,6754.0,8038.0,0.0005648574521067787,0.0005648608962468386,0.0005648574521067787,0.0008993030493626329,0.00040456531644969713,0.0008993030493626329
0.014492753623188404,1000000,19925284.0,0.93136079343513,0.06863920656487005,0.012476488638054544,5.017745292865086e-08,0.5391232365565756,0.5391232365565756,0.5391232365565756,0.5536159901797639,0.5246304829333872,0.5536159901797639,7396.0,7396.0,6443.0,7396.0,6443.0,8359.0,0.0005648574521067787,0.0005648608962468386,0.0005648574521067787,0.0011365374284474819,0.00035377169447088934,0.0011365374284474819
0.01932367149758454,1000000,19925284.0,0.93136079343513,0.06863920656487005,0.012476488638054544,5.017745292865086e-08,0.5391232365565756,0.5391232365565756,0.5391232365565756,0.5584469080541601,0.519799565058991,0.5584469080541601,7396.0,7396.0,6157.0,7396.0,6157.0,8679.0,0.0005648574521067787,0.0005648608962468386,0.0005648574521067787,0.001420447342550902,0.00031317737341551464,0.001420447342550902
0.024154589371980676,1000000,19925284.0,0.93136079343513,0.06863920656487005,0.012476488638054544,5.017745292865086e-08,0.5391232365565756,0.5391232365565756,0.5391232365565756,0.5632778259285562,0.5149686471845949,0.5632778259285562,7396.0,7396.0,5887.0,7396.0,5887.0,9000.0,0.0005648574521067787,0.0005648608962468386,0.0005648574521067787,0.0017510327916732044,0.0002789463388212266,0.0017510327916732044
0.02898550724637681,1000000,19925284.0,0.93136079343513,0.06863920656487005,0.012476488638054544,5.017745292865086e-08,0.5391232365565756,0.5391232365565756,0.5391232365565756,0.5681087438029524,0.5101377293101987,0.5681087438029524,7396.0,7396.0,5637.0,7396.0,5637.0,9321.0,0.0005648574521067787,0.0005648608962468386,0.0005648574521067787,0.002128293775813006,0.0002491644692689464,0.002128293775813006
0.033816425120772944,1000000,19925284.0,0.93136079343513,0.06863920656487005,0.012476488638054544,5.017745292865086e-08,0.5391232365565756,0.5391232365565756,0.5391232365565756,0.5729396616773486,0.5053068114358026,0.5729396616773486,7396.0,7396.0,5398.0,7396.0,5398.0,9642.0,0.0005648574521067787,0.0005648608962468386,0.0005648574521067787,0.002552230294971391,0.00022341201325127376,0.002552230294971391
0.03864734299516908,1000000,19925284.0,0.93136079343513,0.06863920656487005,0.012476488638054544,5.017745292865086e-08,0.5391232365565756,0.5391232365565756,0.5391232365565756,0.5777705795517446,0.5004758935614064,0.5777705795517446,7396.0,7396.0,5173.0,7396.0,5173.0,9967.0,0.0005648574521067787,0.0005648608962468386,0.0005648574521067787,0.0030228423491486566,0.00020106198538254595,0.0030228423491486566
0.043478260869565216,1000000,19925284.0,0.93136079343513,0.06863920656487005,0.012476488638054544,5.017745292865086e-08,0.5391232365565756,0.5391232365565756,0.5391232365565756,0.5826014974261408,0.49564497568701027,0.5826014974261408,7396.0,7396.0,4962.0,7396.0,4962.0,10318.0,0.0005648574521067787,0.0005648608962468386,0.0005648574521067787,0.0035401299383434133,0.0001815130411575643,0.0035401299383434133
0.04830917874396135,1000000,19925284.0,0.93136079343513,0.06863920656487005,0.012476488638054544,5.017745292865086e-08,0.5391232365565756,0.5391232365565756,0.5391232365565756,0.5874324153005369,0.4908140578126142,0.5874324153005369,7396.0,7396.0,4762.0,7396.0,4762.0,10699.0,0.0005648574521067787,0.0005648608962468386,0.0005648574521067787,0.004104093062556761,0.00016422780757501952,0.004104093062556761
0.05314009661835749,1000000,19925284.0,0.93136079343513,0.06863920656487005,0.012476488638054544,5.017745292865086e-08,0.5391232365565756,0.5391232365565756,0.5391232365565756,0.5922633331749331,0.48598313993821807,0.5922633331749331,7396.0,7396.0,4569.0,7396.0,4569.0,11105.0,0.0005648574521067787,0.0005648608962468386,0.0005648574521067787,0.004714731721788991,0.00014890894397886334,0.004714731721788991
0.05797101449275362,1000000,19925284.0,0.93136079343513,0.06863920656487005,0.012476488638054544,5.017745292865086e-08,0.5391232365565756,0.5391232365565756,0.5391232365565756,0.5970942510493292,0.4811522220638219,0.5970942510493292,7396.0,7396.0,4376.0,7396.0,4376.0,11548.0,0.0005648574521067787,0.0005648608962468386,0.0005648574521067787,0.0053720459160386995,0.0001352267116105491,0.0053720459160386995
0.06280193236714976,1000000,19925284.0,0.93136079343513,0.06863920656487005,0.012476488638054544,5.017745292865086e-08,0.5391232365565756,0.5391232365565756,0.5391232365565756,0.6019251689237253,0.47632130418942575,0.6019251689237253,7396.0,7396.0,4184.0,7396.0,4184.0,12025.0,0.0005648574521067787,0.0005648608962468386,0.0005648574521067787,0.006076035645307014,0.0001229700182718314,0.006076035645307014
0.06763285024154589,1000000,19925284.0,0.93136079343513,0.06863920656487005,0.012476488638054544,5.017745292865086e-08,0.5391232365565756,0.5391232365565756,0.5391232365565756,0.6067560867981214,0.47149038631502965,0.6067560867981214,7396.0,7396.0,3999.0,7396.0,3999.0,12509.0,0.0005648574521067787,0.0005648608962468386,0.0005648574521067787,0.006826700909594207,0.00011193235856537235,0.006826700909594207
0.07246376811594203,1000000,19925284.0,0.93136079343513,0.06863920656487005,0.012476488638054544,5.017745292865086e-08,0.5391232365565756,0.5391232365565756,0.5391232365565756,0.6115870046725176,0.4666594684406335,0.6115870046725176,7396.0,7396.0,3825.0,7396.0,3825.0,13034.0,0.0005648574521067787,0.0005648608962468386,0.0005648574521067787,0.007624041708862852,0.00010198593066790749,0.007624041708862852
0.07729468599033816,1000000,19925284.0,0.93136079343513,0.06863920656487005,0.012476488638054544,5.017745292865086e-08,0.5391232365565756,0.5391232365565756,0.5391232365565756,0.6164179225469137,0.4618285505662374,0.6164179225469137,7396.0,7396.0,3662.0,7396.0,3662.0,13614.0,0.0005648574521067787,0.0005648608962468386,0.0005648574521067787,0.008468058042177502,9.30469767473515e-05,0.008468058042177502
0.08212560386473429,1000000,19925284.0,0.93136079343513,0.06863920656487005,0.012476488638054544,5.017745292865086e-08,0.5391232365565756,0.5391232365565756,0.5391232365565756,0.6212488404213099,0.4569976326918413,0.6212488404213099,7396.0,7396.0,3506.0,7396.0,3506.0,14250.0,0.0005648574521067787,0.0005648608962468386,0.0005648574521067787,0.00935874989008428,8.502719819142938e-05,0.00935874989008428
0.08695652173913043,1000000,19925284.0,0.93136079343513,0.06863920656487005,0.012476488638054544,5.017745292865086e-08,0.5391232365565756,0.5391232365565756,0.5391232365565756,0.6260797582957061,0.45216671481744514,0.6260797582957061,7396.0,7396.0,3359.0,7396.0,3359.0,14945.0,0.0005648574521067787,0.0005648608962468386,0.0005648574521067787,0.010296117228147527,7.787055896438152e-05,0.010296117228147527
0.09178743961352656,1000000,19925284.0,0.93136079343513,0.06863920656487005,0.012476488638054544,5.017745292865086e-08,0.5391232365565756,0.5391232365565756,0.5391232365565756,0.6309106761701021,0.447335796943049,0.6309106761701021,7396.0,7396.0,3218.0,7396.0,3218.0,15722.0,0.0005648574521067787,0.0005648608962468386,0.0005648574521067787,0.011280160047921728,7.15248680574563e-05,0.011280160047921728
0.0966183574879227,1000000,19925284.0,0.93136079343513,0.06863920656487005,0.012476488638054544,5.017745292865086e-08,0.5391232365565756,0.5391232365565756,0.5391232365565756,0.6357415940444983,0.4425048790686528,0.6357415940444983,7396.0,7396.0,3081.0,7396.0,3081.0,16579.0,0.0005648574521067787,0.0005648608962468386,0.0005648574521067787,0.012310878340581003,6.594071429322022e-05,0.012310878340581003
0.1,1000000,19925284.0,0.93136079343513,0.06863920656487005,0.012476488638054544,5.017745292865086e-08,0.5391232365565756,0.5391232365565756,0.5391232365565756,0.6391232365565755,0.43912323655657554,0.6391232365565755,7396.0,7396.0,2990.0,7396.0,2990.0,17230.0,0.0005648574521067787,0.0005648608962468386,0.0005648574521067787,0.013060153050810099,6.246490245176129e-05,0.013060153050810099
0.10144927536231883,1000000,19925284.0,0.93136079343513,0.06863920656487005,0.012476488638054544,5.017745292865086e-08,0.5391232365565756,0.5391232365565756,0.5391232365565756,0.6405725119188944,0.43767396119425667,0.6405725119188944,7396.0,7396.0,2951.0,7396.0,2951.0,17518.0,0.0005648574521067787,0.0005648608962468386,0.0005648574521067787,0.013388272112063419,6.106559006537829e-05,0.013388272112063419
0.10628019323671498,1000000,19925284.0,0.93136079343513,0.06863920656487005,0.012476488638054544,5.017745292865086e-08,0.5391232365565756,0.5391232365565756,0.5391232365565756,0.6454034297932906,0.4328430433198606,0.6454034297932906,7396.0,7396.0,2827.0,7396.0,2827.0,18481.0,0.0005648574521067787,0.0005648608962468386,0.0005648574521067787,0.014512341394128969,5.673145685147063e-05,0.014512341394128969
0.1111111111111111,1000000,19925284.0,0.93136079343513,0.06863920656487005,0.012476488638054544,5.017745292865086e-08,0.5391232365565756,0.5391232365565756,0.5391232365565756,0.6502343476676866,0.4280121254454645,0.6502343476676866,7396.0,7396.0,2707.0,7396.0,2707.0,19444.0,0.0005648574521067787,0.0005648608962468386,0.0005648574521067787,0.01568308613325043,5.2865412752978846e-05,0.01568308613325043
0.11594202898550723,1000000,19925284.0,0.93136079343513,0.06863920656487005,0.012476488638054544,5.017745292865086e-08,0.5391232365565756,0.5391232365565756,0.5391232365565756,0.6550652655420828,0.42318120757106836,0.6550652655420828,7396.0,7396.0,2593.0,7396.0,2593.0,20411.0,0.0005648574521067787,0.0005648608962468386,0.0005648574521067787,0.016900506315874232,4.941610088668902e-05,0.016900506315874232
0.12077294685990338,1000000,19925284.0,0.93136079343513,0.06863920656487005,0.012476488638054544,5.017745292865086e-08,0.5391232365565756,0.5391232365565756,0.5391232365565756,0.6598961834164789,0.4183502896966722,0.6598961834164789,7396.0,7396.0,2485.0,7396.0,2485.0,21424.0,0.0005648574521067787,0.0005648608962468386,0.0005648574521067787,0.018164601969583416,4.6321139510642736e-05,0.018164601969583416
0.12560386473429952,1000000,19925284.0,0.93136079343513,0.06863920656487005,0.012476488638054544,5.017745292865086e-08,0.5391232365565756,0.5391232365565756,0.5391232365565756,0.6647271012908751,0.4135193718222761,0.6647271012908751,7396.0,7396.0,2381.0,7396.0,2381.0,22512.0,0.0005648574521067787,0.0005648608962468386,0.0005648574521067787,0.019475373063485967,4.351368560692103e-05,0.019475373063485967
0.13043478260869565,1000000,19925284.0,0.93136079343513,0.06863920656487005,0.012476488638054544,5.017745292865086e-08,0.5391232365565756,0.5391232365565756,0.5391232365565756,0.6695580191652712,0.40868845394788,0.6695580191652712,7396.0,7396.0,2281.0,7396.0,2281.0,23710.0,0.0005648574521067787,0.0005648608962468386,0.0005648574521067787,0.02083281957547788,4.09512372720766e-05,0.02083281957547788
0.13526570048309178,1000000,19925284.0,0.93136079343513,0.06863920656487005,0.012476488638054544,5.017745292865086e-08,0.5391232365565756,0.5391232365565756,0.5391232365565756,0.6743889370396674,0.4038575360734838,0.6743889370396674,7396.0,7396.0,2185.0,7396.0,2185.0,25026.0,0.0005648574521067787,0.0005648608962468386,0.0005648574521067787,0.02223694152770172,3.8605945907905396e-05,0.02223694152770172
0.1400966183574879,1000000,19925284.0,0.93136079343513,0.06863920656487005,0.012476488638054544,5.017745292865086e-08,0.5391232365565756,0.5391232365565756,0.5391232365565756,0.6792198549140634,0.39902661819908775,0.6792198549140634,7396.0,7396.0,2089.0,7396.0,2089.0,26475.0,0.0005648574521067787,0.0005648608962468386,0.0005648574521067787,0.02368773887582079,3.6439907143601076e-05,0.02368773887582079
0.14492753623188406,1000000,19925284.0,0.93136079343513,0.06863920656487005,0.012476488638054544,5.017745292865086e-08,0.5391232365565756,0.5391232365565756,0.5391232365565756,0.6840507727884596,0.3941957003246916,0.6840507727884596,7396.0,7396.0,1992.0,7396.0,1992.0,28091.0,0.0005648574521067787,0.0005648608962468386,0.0005648574521067787,0.025185211718752355,3.4426831472697855e-05,0.025185211718752355
0.1497584541062802,1000000,19925284.0,0.93136079343513,0.06863920656487005,0.012476488638054544,5.017745292865086e-08,0.5391232365565756,0.5391232365565756,0.5391232365565756,0.6888816906628558,0.38936478245029543,0.6888816906628558,7396.0,7396.0,1896.0,7396.0,1896.0,29895.0,0.0005648574521067787,0.0005648608962468386,0.0005648574521067787,0.026729359953088522,3.255207994662481e-05,0.026729359953088522
0.15458937198067632,1000000,19925284.0,0.93136079343513,0.06863920656487005,0.012476488638054544,5.017745292865086e-08,0.5391232365565756,0.5391232365565756,0.5391232365565756,0.6937126085372519,0.3845338645758993,0.6937126085372519,7396.0,7396.0,1800.0,7396.0,1800.0,31818.0,0.0005648574521067787,0.0005648608962468386,0.0005648574521067787,0.02832018356031226,3.08086919094285e-05,0.02832018356031226
0.15942028985507245,1000000,19925284.0,0.93136079343513,0.06863920656487005,0.012476488638054544,5.017745292865086e-08,0.5391232365565756,0.5391232365565756,0.5391232365565756,0.698543526411648,0.3797029467015032,0.698543526411648,7396.0,7396.0,1704.0,7396.0,1704.0,33744.0,0.0005648574521067787,0.0005648608962468386,0.0005648574521067787,0.02995768250007358,2.918742114994919e-05,0.02995768250007358
0.16425120772946858,1000000,19925284.0,0.93136079343513,0.06863920656487005,0.012476488638054544,5.017745292865086e-08,0.5391232365565756,0.5391232365565756,0.5391232365565756,0.7033744442860441,0.374872028827107,0.7033744442860441,7396.0,7396.0,1609.0,7396.0,1609.0,35669.0,0.0005648574521067787,0.0005648608962468386,0.0005648574521067787,0.03164185676229386,2.7677366841280168e-05,0.03164185676229386
0.16908212560386474,1000000,19925284.0,0.93136079343513,0.06863920656487005,0.012476488638054544,5.017745292865086e-08,0.5391232365565756,0.5391232365565756,0.5391232365565756,0.7082053621604403,0.37004111095271097,0.7082053621604403,7396.0,7396.0,1519.0,7396.0,1519.0,37594.0,0.0005648574521067787,0.0005648608962468386,0.0005648574521067787,0.033372706329920274,2.6261870333299206e-05,0.033372706329920274
0.17391304347826086,1000000,19925284.0,0.93136079343513,0.06863920656487005,0.012476488638054544,5.017745292865086e-08,0.5391232365565756,0.5391232365565756,0.5391232365565756,0.7130362800348364,0.36521019307831476,0.7130362800348364,7396.0,7396.0,1434.0,7396.0,1434.0,39519.0,0.0005648574521067787,0.0005648608962468386,0.0005648574521067787,0.035150231212018705,2.4930989755389033e-05,0.035150231212018705
0.178743961352657,1000000,19925284.0,0.93136079343513,0.06863920656487005,0.012476488638054544,5.017745292865086e-08,0.5391232365565756,0.5391232365565756,0.5391232365565756,0.7178671979092326,0.36037927520391866,0.7178671979092326,7396.0,7396.0,1354.0,7396.0,1354.0,41444.0,0.0005648574521067787,0.0005648608962468386,0.0005648574521067787,0.036974431593032805,2.368117616496867e-05,0.036974431593032805
0.18357487922705312,1000000,19925284.0,0.93136079343513,0.06863920656487005,0.012476488638054544,5.017745292865086e-08,0.5391232365565756,0.5391232365565756,0.5391232365565756,0.7226981157836287,0.35554835732952245,0.7226981157836287,7396.0,7396.0,1278.0,7396.0,1278.0,43369.0,0.0005648574521067787,0.0005648608962468386,0.0005648574521067787,0.03884530730591249,2.2508183908574816e-05,0.03884530730591249
0.18840579710144928,1000000,19925284.0,0.93136079343513,0.06863920656487005,0.012476488638054544,5.017745292865086e-08,0.5391232365565756,0.5391232365565756,0.5391232365565756,0.7275290336580249,0.35071743945512623,0.7275290336580249,7396.0,7396.0,1208.0,7396.0,1208.0,45294.0,0.0005648574521067787,0.0005648608962468386,0.0005648574521067787,0.04076285822217093,2.1405745056394685e-05,0.04076285822217093
0.1932367149758454,1000000,19925284.0,0.93136079343513,0.06863920656487005,0.012476488638054544,5.017745292865086e-08,0.5391232365565756,0.5391232365565756,0.5391232365565756,0.732359951532421,0.3458865215807301,0.732359951532421,7396.0,7396.0,1143.0,7396.0,1143.0,47220.0,0.0005648574521067787,0.0005648608962468386,0.0005648574521067787,0.042727084288412286,2.0366888430009212e-05,0.042727084288412286
0.19806763285024154,1000000,19925284.0,0.93136079343513,0.06863920656487005,0.012476488638054544,5.017745292865086e-08,0.5391232365565756,0.5391232365565756,0.5391232365565756,0.7371908694068171,0.3410556037063341,0.7371908694068171,7396.0,7396.0,1081.0,7396.0,1081.0,49145.0,0.0005648574521067787,0.0005648608962468386,0.0005648574521067787,0.04473798552296957,1.9387841260358914e-05,0.04473798552296957
0.20289855072463767,1000000,19925284.0,0.93136079343513,0.06863920656487005,0.012476488638054544,5.017745292865086e-08,0.5391232365565756,0.5391232365565756,0.5391232365565756,0.7420217872812133,0.336224685831938,0.7420217872812133,7396.0,7396.0,1022.0,7396.0,1022.0,51070.0,0.0005648574521067787,0.0005648608962468386,0.0005648574521067787,0.04679556184441244,1.846392610822788e-05,0.04679556184441244
0.2077294685990338,1000000,19925284.0,0.93136079343513,0.06863920656487005,0.012476488638054544,5.017745292865086e-08,0.5391232365565756,0.5391232365565756,0.5391232365565756,0.7468527051556093,0.3313937679575417,0.7468527051556093,7396.0,7396.0,965.0,7396.0,965.0,52995.0,0.0005648574521067787,0.0005648608962468386,0.0005648574521067787,0.04889981319546618,1.759190750068818e-05,0.04889981319546618
0.21256038647342995,1000000,19925284.0,0.93136079343513,0.06863920656487005,0.012476488638054544,5.017745292865086e-08,0.5391232365565756,0.5391232365565756,0.5391232365565756,0.7516836230300055,0.3265628500831456,0.7516836230300055,7396.0,7396.0,911.0,7396.0,911.0,54920.0,0.0005648574521067787,0.0005648608962468386,0.0005648574521067787,0.051050739851968494,1.6768831454942388e-05,0.051050739851968494
0.21739130434782608,1000000,19925284.0,0.93136079343513,0.06863920656487005,0.012476488638054544,5.017745292865086e-08,0.5391232365565756,0.5391232365565756,0.5391232365565756,0.7565145409044016,0.3217319322087489,0.7565145409044016,7396.0,7396.0,860.0,7396.0,860.0,56845.0,0.0005648574521067787,0.0005648608962468386,0.0005648574521067787,0.053248341589600554,1.5991199332162613e-05,0.053248341589600554
0.2222222222222222,1000000,19925284.0,0.93136079343513,0.06863920656487005,0.012476488638054544,5.017745292865086e-08,0.5391232365565756,0.5391232365565756,0.5391232365565756,0.7613454587787978,0.31690101433435275,0.7613454587787978,7396.0,7396.0,811.0,7396.0,811.0,58770.0,0.0005648574521067787,0.0005648608962468386,0.0005648574521067787,0.05549261827242318,1.5255895401896858e-05,0.05549261827242318
0.22705314009661834,1000000,19925284.0,0.93136079343513,0.06863920656487005,0.012476488638054544,5.017745292865086e-08,0.5391232365565756,0.5391232365565756,0.5391232365565756,0.7661763766531939,0.31207009645995665,0.7661763766531939,7396.0,7396.0,764.0,7396.0,764.0,60696.0,0.0005648574521067787,0.0005648608962468386,0.0005648574521067787,0.05778357014138852,1.456024311996102e-05,0.05778357014138852
0.23188405797101447,1000000,19925284.0,0.93136079343513,0.06863920656487005,0.012476488638054544,5.017745292865086e-08,0.5391232365565756,0.5391232365565756,0.5391232365565756,0.7710072945275901,0.3072391785855606,0.7710072945275901,7396.0,7396.0,721.0,7396.0,721.0,62621.0,0.0005648574521067787,0.0005648608962468386,0.0005648574521067787,0.06012119680177867,1.3902486161165485e-05,0.06012119680177867
0.23671497584541062,1000000,19925284.0,0.93136079343513,0.06863920656487005,0.012476488638054544,5.017745292865086e-08,0.5391232365565756,0.5391232365565756,0.5391232365565756,0.7758382124019862,0.3024082607111645,0.7758382124019862,7396.0,7396.0,678.0,7396.0,678.0,64546.0,0.0005648574521067787,0.0005648608962468386,0.0005648574521067787,0.06250549842302253,1.328110629401969e-05,0.06250549842302253
0.24154589371980675,1000000,19925284.0,0.93136079343513,0.06863920656487005,0.012476488638054544,5.017745292865086e-08,0.5391232365565756,0.5391232365565756,0.5391232365565756,0.7806691302763823,0.2975773428367681,0.7806691302763823,7396.0,7396.0,637.0,7396.0,637.0,66471.0,0.0005648574521067787,0.0005648608962468386,0.0005648574521067787,0.06493647469306982,1.269475342389858e-05,0.06493647469306982
0.24637681159420288,1000000,19925284.0,0.93136079343513,0.06863920656487005,0.012476488638054544,5.017745292865086e-08,0.5391232365565756,0.5391232365565756,0.5391232365565756,0.7855000481507785,0.292746424962372,0.7855000481507785,7396.0,7396.0,598.0,7396.0,598.0,68435.0,0.0005648574521067787,0.0005648608962468386,0.0005648574521067787,0.06741412553860765,1.2140958342233689e-05,0.06741412553860765
0.25120772946859904,1000000,19925284.0,0.93136079343513,0.06863920656487005,0.012476488638054544,5.017745292865086e-08,0.5391232365565756,0.5391232365565756,0.5391232365565756,0.7903309660251746,0.2879155070879758,0.7903309660251746,7396.0,7396.0,562.0,7396.0,562.0,70583.0,0.0005648574521067787,0.0005648608962468386,0.0005648574521067787,0.06993845104934525,1.1618046232926658e-05,0.06993845104934525
0.25603864734299514,1000000,19925284.0,0.93136079343513,0.06863920656487005,0.012476488638054544,5.017745292865086e-08,0.5391232365565756,0.5391232365565756,0.5391232365565756,0.7951618838995707,0.28308458921357893,0.7951618838995707,7396.0,7396.0,528.0,7396.0,528.0,72953.0,0.0005648574521067787,0.0005648608962468386,0.0005648574521067787,0.07250945101675103,1.1124336367575946e-05,0.07250945101675103
0.2608695652173913,1000000,19925284.0,0.93136079343513,0.06863920656487005,0.012476488638054544,5.017745292865086e-08,0.5391232365565756,0.5391232365565756,0.5391232365565756,0.7999928017739668,0.2782536713391829,0.7999928017739668,7396.0,7396.0,496.0,7396.0,496.0,75556.0,0.0005648574521067787,0.0005648608962468386,0.0005648574521067787,0.07512712581906345,1.0653520939651923e-05,0.07512712581906345
0.26570048309178745,1000000,19925284.0,0.93136079343513,0.06863920656487005,0.012476488638054544,5.017745292865086e-08,0.5391232365565756,0.5391232365565756,0.5391232365565756,0.804823719648363,0.27342275346478695,0.804823719648363,7396.0,7396.0,464.0,7396.0,464.0,78457.0,0.0005648574521067787,0.0005648608962468386,0.0005648574521067787,0.07779147613821603,1.0202328924827466e-05,0.07779147613821603
0.27053140096618356,1000000,19925284.0,0.93136079343513,0.06863920656487005,0.012476488638054544,5.017745292865086e-08,0.5391232365565756,0.5391232365565756,0.5391232365565756,0.8096546375227591,0.2685918355903909,0.8096546375227591,7396.0,7396.0,434.0,7396.0,434.0,81653.0,0.0005648574521067787,0.0005648608962468386,0.0005648574521067787,0.08050250199255815,9.770060770308214e-06,0.08050250199255815
0.2753623188405797,1000000,19925284.0,0.93136079343513,0.06863920656487005,0.012476488638054544,5.017745292865086e-08,0.5391232365565756,0.5391232365565756,0.5391232365565756,0.8144855553971553,0.26376091771599475,0.8144855553971553,7396.0,7396.0,404.0,7396.0,404.0,85161.0,0.0005648574521067787,0.0005648608962468386,0.0005648574521067787,0.08326020338219421,9.355867867584956e-06,0.08326020338219421
0.2801932367149758,1000000,19925284.0,0.93136079343513,0.06863920656487005,0.012476488638054544,5.017745292865086e-08,0.5391232365565756,0.5391232365565756,0.5391232365565756,0.8193164732715514,0.25892999984159876,0.8193164732715514,7396.0,7396.0,376.0,7396.0,376.0,88993.0,0.0005648574521067787,0.0005648608962468386,0.0005648574521067787,0.08606458030712305,8.959208970336556e-06,0.08606458030712305
0.28502415458937197,1000000,19925284.0,0.93136079343513,0.06863920656487005,0.012476488638054544,5.017745292865086e-08,0.5391232365565756,0.5391232365565756,0.5391232365565756,0.8241473911459476,0.2540990819672021,0.8241473911459476,7396.0,7396.0,349.0,7396.0,349.0,93112.0,0.0005648574521067787,0.0005648608962468386,0.0005648574521067787,0.08891563276734533,8.579338190508123e-06,0.08891563276734533
0.2898550724637681,1000000,19925284.0,0.93136079343513,0.06863920656487005,0.012476488638054544,5.017745292865086e-08,0.5391232365565756,0.5391232365565756,0.5391232365565756,0.8289783090203438,0.24926816409280605,0.8289783090203438,7396.0,7396.0,325.0,7396.0,325.0,97714.0,0.0005648574521067787,0.0005648608962468386,0.0005648574521067787,0.09181336076286101,8.215466708109684e-06,0.09181336076286101
0.2946859903381642,1000000,19925284.0,0.93136079343513,0.06863920656487005,0.012476488638054544,5.017745292865086e-08,0.5391232365565756,0.5391232365565756,0.5391232365565756,0.8338092268947398,0.2444372462184099,0.8338092268947398,7396.0,7396.0,303.0,7396.0,303.0,102555.0,0.0005648574521067787,0.0005648608962468386,0.0005648574521067787,0.09475776429333224,7.866992767789052e-06,0.09475776429333224
0.2995169082125604,1000000,19925284.0,0.93136079343513,0.06863920656487005,0.012476488638054544,5.017745292865086e-08,0.5391232365565756,0.5391232365565756,0.5391232365565756,0.838640144769136,0.23960632834401357,0.838640144769136,7396.0,7396.0,281.0,7396.0,281.0,107840.0,0.0005648574521067787,0.0005648608962468386,0.0005648574521067787,0.09774884335757346,7.533240545598654e-06,0.09774884335757346
0.3,1000000,19925284.0,0.93136079343513,0.06863920656487005,0.012476488638054544,5.017745292865086e-08,0.5391232365565756,0.5391232365565756,0.5391232365565756,0.8391232365565755,0.23912323655657397,0.8391232365565755,7396.0,7396.0,279.0,7396.0,279.0,108405.0,0.0005648574521067787,0.0005648608962468386,0.0005648574521067787,0.09805051841805705,7.500645172045629e-06,0.09805051841805705
0.3043478260869565,1000000,19925284.0,0.93136079343513,0.06863920656487005,0.012476488638054544,5.017745292865086e-08,0.5391232365565756,0.5391232365565756,0.5391232365565756,0.843471062643532,0.23477541046961764,0.843471062643532,7396.0,7396.0,260.0,7396.0,260.0,113801.0,0.0005648574521067787,0.0005648608962468386,0.0005648574521067787,0.10078659795710757,7.213506122375824e-06,0.10078659795710757
0.30917874396135264,1000000,19925284.0,0.93136079343513,0.06863920656487005,0.012476488638054544,5.017745292865086e-08,0.5391232365565756,0.5391232365565756,0.5391232365565756,0.8483019805179282,0.22994449259522143,0.8483019805179282,7396.0,7396.0,239.0,7396.0,239.0,120388.0,0.0005648574521067787,0.0005648608962468386,0.0005648574521067787,0.10387102809193412,6.907264319032937e-06,0.10387102809193412
0.3140096618357488,1000000,19925284.0,0.93136079343513,0.06863920656487005,0.012476488638054544,5.017745292865086e-08,0.5391232365565756,0.5391232365565756,0.5391232365565756,0.8531328983923243,0.2251135747208257,0.8531328983923243,7396.0,7396.0,220.0,7396.0,220.0,127815.0,0.0005648574521067787,0.0005648608962468386,0.0005648574521067787,0.10700213376205327,6.614051619214167e-06,0.10700213376205327
0.3188405797101449,1000000,19925284.0,0.93136079343513,0.06863920656487005,0.012476488638054544,5.017745292865086e-08,0.5391232365565756,0.5391232365565756,0.5391232365565756,0.8579638162667205,0.22028265684642961,0.8579638162667205,7396.0,7396.0,201.0,7396.0,201.0,136174.0,0.0005648574521067787,0.0005648608962468386,0.0005648574521067787,0.110179914967465,6.333349960948376e-06,0.110179914967465
0.32367149758454106,1000000,19925284.0,0.93136079343513,0.06863920656487005,0.012476488638054544,5.017745292865086e-08,0.5391232365565756,0.5391232365565756,0.5391232365565756,0.8627947341411166,0.21545173897203346,0.8627947341411166,7396.0,7396.0,184.0,7396.0,184.0,145520.0,0.0005648574521067787,0.0005648608962468386,0.0005648574521067787,0.1134043717081694,6.0647780874479895e-06,0.1134043717081694
0.32850241545893716,1000000,19925284.0,0.93136079343513,0.06863920656487005,0.012476488638054544,5.017745292865086e-08,0.5391232365565756,0.5391232365565756,0.5391232365565756,0.8676256520155128,0.2106208210976375,0.8676256520155128,7396.0,7396.0,167.0,7396.0,167.0,155146.0,0.0005648574521067787,0.0005648608962468386,0.0005648574521067787,0.11667550398340816,5.8079316670285566e-06,0.11667550398340816
0.3333333333333333,1000000,19925284.0,0.93136079343513,0.06863920656487005,0.012476488638054544,5.017745292865086e-08,0.5391232365565756,0.5391232365565756,0.5391232365565756,0.8724565698899089,0.2057899032232395,0.8724565698899089,7396.0,7396.0,152.0,7396.0,152.0,165328.0,0.0005648574521067787,0.0005648608962468386,0.0005648574521067787,0.11999331179283824,5.562425554203086e-06,0.11999331179283824
