effective_balance_gwei,validator_count
26000000000,1
27000000000,22
28000000000,1
29000000000,18
30000000000,50
31000000000,352
32000000000,887459
33000000000,465
34000000000,136
35000000000,104
36000000000,62
37000000000,65
38000000000,65
39000000000,57
40000000000,90
41000000000,47
42000000000,35
43000000000,23
44000000000,37
45000000000,30
46000000000,34
47000000000,26
48000000000,32
49000000000,28
50000000000,78
51000000000,30
52000000000,32
53000000000,23
54000000000,19
55000000000,20
56000000000,16
57000000000,13
58000000000,19
59000000000,12
60000000000,28
61000000000,15
62000000000,23
63000000000,26
64000000000,190
65000000000,81
66000000000,46
67000000000,28
68000000000,26
69000000000,16
70000000000,35
71000000000,20
72000000000,19
73000000000,11
74000000000,10
75000000000,13
76000000000,12
77000000000,13
78000000000,15
79000000000,16
80000000000,18
81000000000,29
82000000000,13
83000000000,4
84000000000,9
85000000000,12
86000000000,12
87000000000,7
88000000000,9
89000000000,11
90000000000,19
91000000000,11
92000000000,10
93000000000,13
94000000000,8
95000000000,5
96000000000,53
97000000000,73
98000000000,43
99000000000,26
100000000000,63
101000000000,43
102000000000,32
103000000000,17
104000000000,10
105000000000,13
106000000000,8
107000000000,5
108000000000,10
109000000000,5
110000000000,5
111000000000,9
112000000000,9
113000000000,10
114000000000,5
115000000000,13
116000000000,8
117000000000,1
118000000000,5
119000000000,8
120000000000,11
121000000000,9
122000000000,7
123000000000,4
124000000000,7
125000000000,8
126000000000,6
127000000000,2
128000000000,54
129000000000,28
130000000000,31
131000000000,20
132000000000,25
133000000000,10
134000000000,8
135000000000,6
136000000000,6
137000000000,7
138000000000,6
139000000000,10
140000000000,5
141000000000,9
142000000000,3
143000000000,2
144000000000,4
145000000000,5
146000000000,4
147000000000,5
148000000000,4
149000000000,4
150000000000,15
151000000000,12
152000000000,14
153000000000,32
154000000000,3
155000000000,3
156000000000,6
157000000000,2
158000000000,2
159000000000,3
160000000000,148
161000000000,24
162000000000,55
163000000000,17
164000000000,21
165000000000,22
166000000000,6
167000000000,5
168000000000,3
169000000000,3
170000000000,7
171000000000,10
172000000000,9
173000000000,4
174000000000,4
175000000000,2
176000000000,7
177000000000,3
178000000000,5
179000000000,2
180000000000,4
181000000000,7
182000000000,4
183000000000,2
184000000000,5
185000000000,6
186000000000,2
187000000000,3
188000000000,2
189000000000,3
190000000000,4
191000000000,4
192000000000,13
193000000000,5
194000000000,34
195000000000,19
196000000000,7
197000000000,4
198000000000,5
199000000000,4
200000000000,24
201000000000,4
202000000000,27
203000000000,128
204000000000,55
205000000000,3
206000000000,3
207000000000,4
208000000000,6
209000000000,4
210000000000,1
211000000000,2
212000000000,6
213000000000,5
214000000000,3
216000000000,2
218000000000,1
219000000000,1
220000000000,2
221000000000,3
222000000000,3
223000000000,5
224000000000,7
225000000000,3
226000000000,11
227000000000,5
228000000000,4
229000000000,7
230000000000,16
231000000000,4
232000000000,3
233000000000,2
234000000000,3
235000000000,3
236000000000,1
237000000000,3
238000000000,4
239000000000,4
240000000000,5
241000000000,6
242000000000,5
243000000000,3
244000000000,3
245000000000,2
246000000000,4
247000000000,2
248000000000,1
249000000000,8
250000000000,51
251000000000,33
252000000000,4
253000000000,1
254000000000,8
255000000000,3
256000000000,14
257000000000,2
258000000000,4
259000000000,2
260000000000,6
261000000000,12
262000000000,7
263000000000,10
264000000000,4
265000000000,6
266000000000,4
267000000000,3
268000000000,8
269000000000,4
270000000000,5
271000000000,2
272000000000,2
273000000000,3
274000000000,2
275000000000,3
276000000000,3
277000000000,5
278000000000,3
279000000000,3
280000000000,2
281000000000,1
282000000000,4
283000000000,3
284000000000,1
285000000000,4
286000000000,1
287000000000,3
288000000000,8
289000000000,4
290000000000,4
291000000000,5
292000000000,10
293000000000,3
294000000000,4
295000000000,7
296000000000,7
297000000000,2
298000000000,7
299000000000,5
300000000000,20
301000000000,34
302000000000,18
303000000000,8
304000000000,5
305000000000,2
306000000000,1
307000000000,5
308000000000,1
309000000000,4
310000000000,2
311000000000,2
312000000000,2
313000000000,5
314000000000,15
316000000000,2
317000000000,1
318000000000,2
319000000000,2
320000000000,7
321000000000,42
322000000000,5
323000000000,4
324000000000,3
325000000000,3
326000000000,14
327000000000,5
328000000000,5
329000000000,8
330000000000,6
331000000000,6
332000000000,1
333000000000,5
334000000000,4
335000000000,1
336000000000,2
337000000000,1
338000000000,4
339000000000,2
340000000000,2
341000000000,2
342000000000,3
343000000000,4
344000000000,1
345000000000,3
346000000000,1
347000000000,1
348000000000,5
349000000000,1
350000000000,1
351000000000,3
352000000000,3
353000000000,2
354000000000,1
355000000000,3
356000000000,2
357000000000,3
359000000000,4
360000000000,2
361000000000,2
363000000000,4
364000000000,3
365000000000,2
366000000000,1
367000000000,1
368000000000,1
369000000000,3
370000000000,2
371000000000,1
373000000000,3
374000000000,2
375000000000,3
376000000000,2
377000000000,1
378000000000,3
379000000000,3
381000000000,3
382000000000,1
383000000000,5
384000000000,14
385000000000,4
386000000000,3
387000000000,1
388000000000,2
389000000000,7
390000000000,1
391000000000,3
392000000000,1
393000000000,1
394000000000,2
395000000000,4
397000000000,6
398000000000,10
399000000000,5
400000000000,3
401000000000,7
402000000000,4
403000000000,3
404000000000,5
405000000000,6
406000000000,1
407000000000,21
408000000000,10
410000000000,2
411000000000,3
412000000000,2
413000000000,1
415000000000,3
416000000000,1
417000000000,1
418000000000,2
419000000000,1
422000000000,5
423000000000,1
424000000000,1
425000000000,3
426000000000,3
427000000000,4
428000000000,3
430000000000,3
432000000000,3
433000000000,8
434000000000,2
435000000000,6
436000000000,2
437000000000,1
438000000000,1
439000000000,1
440000000000,1
441000000000,4
442000000000,1
443000000000,3
444000000000,2
445000000000,1
447000000000,3
448000000000,4
449000000000,2
450000000000,4
451000000000,2
453000000000,5
454000000000,9
455000000000,2
457000000000,1
458000000000,2
459000000000,2
460000000000,1
461000000000,14
462000000000,6
463000000000,4
464000000000,14
465000000000,10
466000000000,5
467000000000,10
468000000000,7
469000000000,2
470000000000,1
471000000000,3
472000000000,1
473000000000,2
474000000000,2
476000000000,1
477000000000,4
478000000000,2
479000000000,1
480000000000,6
481000000000,4
482000000000,1
484000000000,1
485000000000,5
487000000000,3
488000000000,2
489000000000,1
490000000000,2
491000000000,3
492000000000,3
493000000000,5
494000000000,5
495000000000,4
496000000000,1
497000000000,2
498000000000,2
499000000000,3
500000000000,3
501000000000,4
502000000000,4
503000000000,1
504000000000,4
506000000000,5
507000000000,4
508000000000,1
510000000000,3
511000000000,7
512000000000,8
513000000000,9
514000000000,5
515000000000,16
516000000000,2
517000000000,2
518000000000,3
519000000000,4
520000000000,2
521000000000,3
522000000000,1
523000000000,4
524000000000,12
525000000000,20
526000000000,3
527000000000,2
528000000000,3
529000000000,1
530000000000,2
531000000000,2
532000000000,3
533000000000,1
535000000000,1
536000000000,3
537000000000,2
541000000000,2
544000000000,1
545000000000,4
547000000000,2
550000000000,1
551000000000,2
552000000000,2
554000000000,3
555000000000,1
557000000000,1
558000000000,2
559000000000,1
560000000000,3
561000000000,3
562000000000,4
565000000000,1
566000000000,2
567000000000,1
569000000000,1
570000000000,2
571000000000,1
572000000000,2
573000000000,1
574000000000,1
575000000000,1
576000000000,5
577000000000,2
578000000000,2
580000000000,2
581000000000,2
582000000000,2
585000000000,1
586000000000,1
587000000000,2
589000000000,1
591000000000,4
592000000000,2
594000000000,2
595000000000,19
596000000000,1
597000000000,2
598000000000,1
599000000000,2
600000000000,2
602000000000,1
603000000000,1
604000000000,1
605000000000,1
608000000000,5
609000000000,3
610000000000,1
611000000000,3
612000000000,4
613000000000,3
614000000000,37
615000000000,27
616000000000,1
617000000000,1
618000000000,2
619000000000,1
620000000000,1
624000000000,2
625000000000,1
626000000000,1
627000000000,1
628000000000,1
629000000000,1
631000000000,1
632000000000,1
634000000000,1
635000000000,1
636000000000,1
637000000000,1
640000000000,1
641000000000,3
642000000000,14
643000000000,2
644000000000,1
646000000000,1
647000000000,3
648000000000,3
649000000000,2
650000000000,3
652000000000,3
653000000000,1
654000000000,1
659000000000,1
660000000000,1
661000000000,2
662000000000,2
663000000000,3
664000000000,2
665000000000,3
666000000000,1
669000000000,1
670000000000,3
671000000000,3
672000000000,3
673000000000,1
674000000000,2
675000000000,3
678000000000,2
679000000000,2
680000000000,2
684000000000,1
685000000000,1
686000000000,2
687000000000,1
688000000000,5
693000000000,2
696000000000,2
697000000000,2
701000000000,2
702000000000,1
703000000000,1
708000000000,2
709000000000,1
711000000000,4
712000000000,1
713000000000,12
714000000000,3
716000000000,1
717000000000,1
720000000000,4
721000000000,1
722000000000,1
723000000000,3
724000000000,2
726000000000,1
727000000000,1
728000000000,1
729000000000,1
733000000000,1
735000000000,1
739000000000,1
741000000000,2
743000000000,1
744000000000,3
746000000000,8
747000000000,1
749000000000,1
750000000000,1
751000000000,1
753000000000,1
755000000000,1
756000000000,3
758000000000,1
759000000000,1
760000000000,2
763000000000,4
764000000000,5
765000000000,4
766000000000,14
767000000000,3
768000000000,25
769000000000,1
771000000000,3
772000000000,1
776000000000,1
777000000000,2
778000000000,1
781000000000,1
782000000000,1
783000000000,3
784000000000,2
785000000000,2
786000000000,2
790000000000,1
794000000000,1
795000000000,1
797000000000,1
799000000000,1
800000000000,4
801000000000,3
802000000000,3
803000000000,22
805000000000,23
806000000000,43
807000000000,47
808000000000,4
810000000000,4
811000000000,31
812000000000,5
813000000000,5
815000000000,2
816000000000,2
817000000000,1
818000000000,2
819000000000,34
820000000000,32
821000000000,1
823000000000,1
825000000000,2
826000000000,1
828000000000,1
829000000000,1
833000000000,3
834000000000,1
836000000000,1
838000000000,2
840000000000,2
841000000000,2
842000000000,3
843000000000,1
844000000000,1
848000000000,3
849000000000,2
850000000000,5
851000000000,108
852000000000,123
853000000000,15
858000000000,1
859000000000,1
861000000000,1
865000000000,1
866000000000,1
868000000000,2
869000000000,1
870000000000,2
871000000000,1
875000000000,1
877000000000,1
878000000000,2
879000000000,1
883000000000,1
884000000000,3
885000000000,1
887000000000,1
890000000000,1
891000000000,2
894000000000,1
895000000000,2
896000000000,2
898000000000,2
899000000000,1
900000000000,2
902000000000,1
904000000000,2
905000000000,1
906000000000,1
909000000000,1
911000000000,1
912000000000,1
913000000000,1
915000000000,1
916000000000,1
918000000000,3
920000000000,1
921000000000,1
922000000000,1
923000000000,2
924000000000,1
926000000000,4
927000000000,2
928000000000,3
931000000000,2
934000000000,1
935000000000,3
936000000000,1
937000000000,3
938000000000,3
941000000000,1
943000000000,1
944000000000,3
945000000000,1
946000000000,2
948000000000,1
949000000000,2
950000000000,1
951000000000,1
953000000000,3
954000000000,2
955000000000,2
956000000000,1
957000000000,5
958000000000,2
959000000000,2
960000000000,1
961000000000,5
962000000000,1
964000000000,2
965000000000,2
966000000000,2
967000000000,3
968000000000,2
969000000000,6
970000000000,2
971000000000,3
973000000000,1
974000000000,1
977000000000,2
978000000000,3
984000000000,1
987000000000,1
993000000000,1
994000000000,4
995000000000,2
996000000000,2
999000000000,2
1000000000000,51
1001000000000,2
1002000000000,1
1003000000000,5
1004000000000,1
1005000000000,3
1006000000000,12
1007000000000,9
1008000000000,2
1009000000000,2
1010000000000,7
1011000000000,4
1012000000000,2
1013000000000,4
1014000000000,6
1015000000000,7
1016000000000,5
1018000000000,1
1020000000000,2
1023000000000,1
1024000000000,1
1025000000000,80
1026000000000,8
1027000000000,15
1028000000000,10
1029000000000,10
1030000000000,2
1032000000000,1
1033000000000,7
1034000000000,14
1035000000000,9
1037000000000,7
1039000000000,2
1040000000000,8
1041000000000,1
1042000000000,1
1043000000000,8
1044000000000,11
1045000000000,8
1046000000000,3
1047000000000,4
1048000000000,1
1050000000000,2
1051000000000,2
1052000000000,1
1054000000000,2
1055000000000,2
1057000000000,1
1059000000000,10
1060000000000,3
1061000000000,3
1063000000000,3
1064000000000,7
1065000000000,3
1066000000000,4
1067000000000,4
1068000000000,2
1071000000000,3
1072000000000,2
1075000000000,2
1076000000000,1
1077000000000,1
1080000000000,45
1081000000000,125
1082000000000,74
1083000000000,2
1085000000000,1
1088000000000,2
1094000000000,1
1096000000000,2
1097000000000,2
1098000000000,1
1100000000000,1
1101000000000,4
1104000000000,1
1106000000000,1
1107000000000,1
1108000000000,1
1110000000000,2
1112000000000,1
1113000000000,1
1114000000000,6
1115000000000,2
1117000000000,1
1118000000000,1
1119000000000,3
1122000000000,3
1123000000000,2
1129000000000,1
1135000000000,3
1136000000000,3
1144000000000,1
1145000000000,1
1150000000000,2
1151000000000,1
1152000000000,2
1156000000000,1
1158000000000,2
1159000000000,3
1160000000000,1
1161000000000,2
1162000000000,5
1163000000000,9
1164000000000,3
1165000000000,1
1168000000000,1
1170000000000,1
1171000000000,2
1172000000000,1
1176000000000,1
1178000000000,1
1179000000000,1
1184000000000,1
1186000000000,2
1189000000000,2
1191000000000,1
1192000000000,1
1194000000000,2
1200000000000,2
1201000000000,2
1203000000000,1
1204000000000,1
1208000000000,2
1210000000000,2
1213000000000,2
1214000000000,2
1215000000000,1
1216000000000,1
1217000000000,1
1218000000000,4
1219000000000,1
1220000000000,5
1221000000000,3
1223000000000,1
1230000000000,1
1233000000000,2
1235000000000,2
1239000000000,1
1240000000000,2
1243000000000,1
1245000000000,8
1246000000000,18
1247000000000,1
1249000000000,1
1251000000000,3
1253000000000,1
1258000000000,2
1261000000000,1
1264000000000,1
1265000000000,1
1267000000000,2
1270000000000,1
1273000000000,1
1281000000000,2
1284000000000,1
1286000000000,1
1291000000000,1
1293000000000,2
1294000000000,1
1296000000000,5
1298000000000,2
1301000000000,1
1302000000000,1
1303000000000,1
1304000000000,1
1305000000000,1
1307000000000,1
1309000000000,1
1313000000000,1
1314000000000,1
1315000000000,2
1316000000000,1
1317000000000,3
1318000000000,2
1319000000000,3
1324000000000,1
1325000000000,1
1326000000000,1
1328000000000,1
1329000000000,1
1331000000000,1
1332000000000,1
1336000000000,2
1338000000000,2
1339000000000,3
1340000000000,2
1341000000000,4
1342000000000,25
1343000000000,144
1344000000000,61
1345000000000,16
1346000000000,4
1350000000000,3
1351000000000,1
1353000000000,2
1356000000000,1
1357000000000,4
1358000000000,1
1362000000000,1
1363000000000,2
1364000000000,2
1365000000000,1
1372000000000,1
1374000000000,1
1379000000000,2
1380000000000,2
1381000000000,3
1384000000000,2
1388000000000,2
1389000000000,4
1391000000000,1
1394000000000,3
1395000000000,3
1396000000000,1
1397000000000,1
1398000000000,2
1400000000000,1
1401000000000,5
1402000000000,6
1404000000000,1
1406000000000,1
1407000000000,2
1408000000000,1
1409000000000,1
1410000000000,1
1413000000000,2
1417000000000,2
1419000000000,2
1420000000000,1
1422000000000,1
1424000000000,1
1425000000000,1
1426000000000,3
1427000000000,2
1428000000000,1
1429000000000,1
1430000000000,1
1431000000000,2
1432000000000,2
1433000000000,4
1434000000000,1
1435000000000,3
1436000000000,1
1440000000000,1
1441000000000,2
1442000000000,2
1445000000000,1
1446000000000,1
1449000000000,2
1450000000000,2
1451000000000,1
1453000000000,2
1455000000000,2
1457000000000,1
1458000000000,1
1459000000000,1
1460000000000,1
1461000000000,1
1462000000000,3
1464000000000,1
1465000000000,1
1466000000000,1
1468000000000,2
1470000000000,1
1472000000000,1
1473000000000,1
1474000000000,2
1476000000000,3
1477000000000,1
1478000000000,1
1479000000000,1
1480000000000,1
1481000000000,2
1482000000000,1
1484000000000,2
1485000000000,1
1487000000000,3
1490000000000,1
1495000000000,1
1500000000000,1
1501000000000,1
1502000000000,2
1504000000000,6
1505000000000,8
1506000000000,4
1507000000000,3
1508000000000,4
1509000000000,4
1510000000000,3
1511000000000,1
1513000000000,5
1514000000000,1
1515000000000,1
1516000000000,10
1517000000000,1
1518000000000,2
1519000000000,3
1520000000000,1
1522000000000,3
1524000000000,2
1525000000000,1
1526000000000,3
1529000000000,4
1530000000000,4
1531000000000,1
1532000000000,4
1534000000000,2
1535000000000,1
1536000000000,13
1537000000000,4
1538000000000,9
1539000000000,6
1540000000000,8
1541000000000,9
1542000000000,10
1543000000000,4
1545000000000,1
1548000000000,2
1549000000000,4
1550000000000,1
1551000000000,6
1552000000000,2
1553000000000,1
1554000000000,2
1555000000000,1
1556000000000,2
1557000000000,1
1560000000000,1
1562000000000,1
1563000000000,1
1564000000000,2
1566000000000,1
1568000000000,1
1569000000000,13
1570000000000,1
1571000000000,1
1575000000000,2
1577000000000,1
1584000000000,1
1586000000000,1
1587000000000,1
1588000000000,1
1591000000000,1
1593000000000,1
1594000000000,1
1595000000000,2
1596000000000,9
1598000000000,1
1599000000000,1
1600000000000,1
1601000000000,6
1602000000000,16
1604000000000,2
1605000000000,1
1606000000000,4
1607000000000,9
1608000000000,2
1610000000000,5
1611000000000,8
1612000000000,15
1613000000000,7
1614000000000,7
1615000000000,15
1616000000000,2
1617000000000,1
1619000000000,1
1622000000000,8
1623000000000,7
1624000000000,3
1626000000000,1
1628000000000,1
1630000000000,1
1631000000000,1
1632000000000,1
1633000000000,2
1634000000000,13
1635000000000,39
1636000000000,8
1637000000000,4
1638000000000,1
1640000000000,1
1643000000000,1
1644000000000,1
1647000000000,1
1648000000000,1
1649000000000,3
1654000000000,1
1655000000000,1
1657000000000,3
1658000000000,9
1659000000000,4
1660000000000,1
1666000000000,1
1667000000000,3
1668000000000,1
1669000000000,1
1673000000000,2
1674000000000,1
1686000000000,1
1692000000000,1
1696000000000,1
1701000000000,2
1702000000000,1
1704000000000,2
1706000000000,2
1712000000000,1
1715000000000,1
1719000000000,4
1720000000000,6
1721000000000,12
1722000000000,17
1723000000000,4
1724000000000,1
1726000000000,1
1728000000000,1
1730000000000,1
1731000000000,1
1733000000000,1
1735000000000,2
1736000000000,4
1737000000000,1
1738000000000,2
1740000000000,3
1741000000000,3
1742000000000,2
1743000000000,6
1744000000000,2
1745000000000,1
1747000000000,1
1748000000000,1
1752000000000,1
1753000000000,1
1754000000000,6
1755000000000,6
1756000000000,1
1762000000000,1
1763000000000,1
1766000000000,1
1767000000000,2
1768000000000,9
1769000000000,4
1770000000000,1
1772000000000,1
1774000000000,2
1777000000000,1
1778000000000,1
1790000000000,1
1791000000000,5
1798000000000,1
1799000000000,3
1800000000000,45
1801000000000,9
1802000000000,14
1803000000000,13
1804000000000,2
1805000000000,1
1806000000000,4
1807000000000,17
1808000000000,72
1809000000000,165
1810000000000,192
1811000000000,149
1812000000000,125
1813000000000,66
1814000000000,9
1815000000000,8
1816000000000,17
1817000000000,21
1818000000000,4
1820000000000,3
1821000000000,2
1822000000000,2
1826000000000,1
1827000000000,3
1829000000000,1
1830000000000,3
1831000000000,5
1832000000000,1
1833000000000,5
1834000000000,7
1835000000000,3
1836000000000,2
1837000000000,12
1838000000000,27
1839000000000,21
1840000000000,5
1841000000000,6
1842000000000,5
1843000000000,4
1844000000000,46
1845000000000,113
1846000000000,103
1847000000000,73
1848000000000,15
1849000000000,6
1850000000000,40
1851000000000,26
1852000000000,3
1853000000000,1
1854000000000,1
1856000000000,2
1857000000000,13
1858000000000,1
1861000000000,56
1862000000000,49
1863000000000,10
1864000000000,1
1872000000000,1
1873000000000,1
1875000000000,3
1876000000000,19
1877000000000,30
1878000000000,20
1879000000000,7
1880000000000,12
1881000000000,75
1882000000000,74
1883000000000,35
1884000000000,4
1885000000000,1
1887000000000,1
1889000000000,2
1890000000000,5
1891000000000,2
1892000000000,76
1893000000000,9
1896000000000,14
1897000000000,18
1898000000000,2
1900000000000,28
1901000000000,4
1902000000000,2
1903000000000,43
1904000000000,59
1905000000000,10
1906000000000,1
1908000000000,1
1909000000000,4
1910000000000,26
1911000000000,72
1912000000000,43
1913000000000,45
1914000000000,39
1915000000000,44
1916000000000,70
1917000000000,61
1918000000000,58
1919000000000,78
1920000000000,118
1921000000000,40
1922000000000,76
1923000000000,65
1924000000000,36
1925000000000,117
1926000000000,39
1927000000000,28
1928000000000,5
1929000000000,34
1930000000000,3
1931000000000,2
1932000000000,3
1933000000000,6
1934000000000,32
1935000000000,30
1936000000000,32
1937000000000,60
1938000000000,21
1939000000000,28
1940000000000,13
1941000000000,1
1942000000000,1
1943000000000,2
1944000000000,27
1945000000000,55
1946000000000,27
1947000000000,16
1948000000000,39
1949000000000,72
1950000000000,58
1951000000000,43
1952000000000,38
1953000000000,81
1954000000000,58
1955000000000,36
1956000000000,37
1957000000000,34
1958000000000,13
1959000000000,19
1960000000000,11
1961000000000,5
1962000000000,1
1963000000000,2
1964000000000,3
1965000000000,2
1966000000000,2
1967000000000,2
1968000000000,9
1969000000000,8
1970000000000,2
1972000000000,12
1973000000000,71
1974000000000,86
1975000000000,83
1976000000000,15
1977000000000,4
1984000000000,2
1987000000000,2
1988000000000,7
1989000000000,5
1990000000000,2
1991000000000,1
2000000000000,25
2001000000000,22
2002000000000,5
2003000000000,9
2004000000000,12
2005000000000,13
2006000000000,15
2007000000000,6
2008000000000,13
2009000000000,6
2010000000000,1
2011000000000,1
2012000000000,21
2013000000000,9
2014000000000,5
2015000000000,13
2016000000000,41
2018000000000,1
2019000000000,4
2020000000000,2
2022000000000,3
2027000000000,1
2028000000000,1
2030000000000,10
2031000000000,28
2032000000000,4
2033000000000,7
2034000000000,26
2035000000000,31
2036000000000,21
2037000000000,34
2038000000000,31
2039000000000,44
2040000000000,31
2041000000000,4
2042000000000,20
2043000000000,35
2044000000000,2
2045000000000,1
2046000000000,1
2047000000000,1
2048000000000,557
